supplier,part_no,mfr_part,description,qty,unit_usd,total_usd,total_kes,note
LCSC,C20541519,ESP32-S3-DevKitC-1-N8R8,"ESP32-S3 DevKit, 8MB flash, 8MB PSRAM, USB-C",1,5.8,5.8,754,Confirmed in stock
LCSC,C116706,MCP6002-I/SN,Op-Amp dual rail-to-rail SOIC-8 -- order with SOP8-DIP8 adapter,8,0.25,2.0,260,SOIC only on LCSC; use C5194 adapter
LCSC,C5194,SOP8-TO-DIP8,SOIC-8 to DIP-8 adapter PCB,8,0.05,0.4,52,For MCP6002 breadboard use
LCSC,C22233,INA128UA/2K5,INA128 SOIC-8 (use with SOP8-DIP8 adapter),4,3.2,12.8,1664,SOIC only; adapter makes it breadboard-compatible
AliExpress,search,GY-PCA9685,PCA9685 16-ch I2C PWM servo driver breakout,1,1.5,1.5,195,Get breakout board not bare IC
AliExpress,search,Ag/AgCl electrode 50pk,Disposable surface electrodes 50-pack,1,4.0,4.0,520,
AliExpress,search,SG90 servo,SG90 micro servo motor,5,1.2,6.0,780,"Buy 6, 1 spare"
AliExpress,search,MG996R servo,MG996R standard torque servo,1,2.5,2.5,325,
Local,,Breadboard 830pt,Full-size solderless breadboard,3,1.5,4.5,585,Tom Mboya St
Local,,Jumper wire kit,M-M M-F F-F 120pc assorted jumper wires,1,2.3,2.3,299,
Local,,DIP-8 IC socket,8-pin DIP IC socket,12,0.1,1.2,156,
Local,,100kΩ potentiometer,Single-turn 100kΩ pot,4,0.23,0.92,120,Variable gain stage
Local,,LM7805 TO-220,5V linear regulator,2,0.31,0.62,81,9V->5V for servos
Local,,Electrolytic caps kit,10µF + 100µF electrolytic capacitors,1,1.15,1.15,150,Power rail decoupling
Local,,USB-C data cable,USB-C data cable (not charge-only),1,1.54,1.54,200,ESP32-S3 programming
Local,,Resistor+cap passives,Resistor + cap assortment (filter values),1,2.31,2.31,300,
Local,,9V battery + holder,9V battery + clip holder,2,1.15,2.3,299,
Local,,Shielded electrode cable,Shielded coax leads for electrodes,4,0.77,3.08,400,Unshielded = 50Hz noise
Local,,Connectors + headers,"Dupont headers, pin headers, servo connectors",1,3.85,3.85,500,
